ejex;ejey
2.01,0.14159802258506105
2.0199999999999996,0.20049937655763203
2.0299999999999994,0.24586581706288202
2.039999999999999,0.2842534080710348
2.049999999999999,0.31819805153394265
2.0599999999999987,0.348998567332299
2.0699999999999985,0.3774254893353085
2.0799999999999983,0.40398019753447845
2.089999999999998,0.4290104893822482
2.099999999999998,0.452769256906866
2.1099999999999977,0.4754471579471214
2.1199999999999974,0.4971921157862366
2.1299999999999972,0.5181216073471501
2.139999999999997,0.5383307533477847
2.149999999999997,0.5578978401105288
2.1599999999999966,0.5768882040742319
2.1699999999999964,0.5953570357356935
2.179999999999996,0.6133514490078192
2.189999999999996,0.6309120382430431
2.1999999999999957,0.6480740698407788
2.2099999999999955,0.6648684080327402
2.2199999999999953,0.6813222438758254
2.229999999999995,0.6974596762537523
2.239999999999995,0.7133021800050722
2.2499999999999947,0.7288689868556544
2.2599999999999945,0.7441773982055538
2.2699999999999942,0.7592430440906173
2.279999999999994,0.7740800992145364
2.289999999999994,0.788701464433778
2.2999999999999936,0.8031189202104414
2.3099999999999934,0.8173432571447475
2.319999999999993,0.8313843876330517
2.329999999999993,0.8452514418798609
2.3399999999999928,0.8589528508596866
2.3499999999999925,0.8724964183307474
2.3599999999999923,0.8858893836139938
2.369999999999992,0.8991384765429524
2.379999999999992,0.9122499657440283
2.3899999999999917,0.9252297012093701
2.3999999999999915,0.938083151964675
2.4099999999999913,0.9508154395044177
2.419999999999991,0.9634313675607507
2.429999999999991,0.9759354486849925
2.4399999999999906,0.9883319280484554
2.4499999999999904,1.0006248048094635
2.45999999999999,1.0128178513434565
2.46999999999999,1.0249146305912387
2.4799999999999898,1.0369185117452455
2.4899999999999896,1.0488326844640063
2.4999999999999893,1.0606601717798088
2.509999999999989,1.0724038418431616
2.519999999999989,1.0840664186293993
2.5299999999999887,1.0956504917171221
2.5399999999999885,1.107158525234743
2.5499999999999883,1.1185928660598412
2.559999999999988,1.1299557513460292
2.569999999999988,1.1412493154433736
2.5799999999999876,1.1524755962709008
2.5899999999999874,1.1636365411931544
2.599999999999987,1.1747340124470589
2.609999999999987,1.1857697921603358
2.619999999999987,1.196745586998325
2.6299999999999866,1.207663032472206
2.6399999999999864,1.2185236969382105
2.649999999999986,1.2293290853144097
2.659999999999986,1.2400806425390094
2.6699999999999857,1.250779756791723
2.6799999999999855,1.2614277624977028
2.6899999999999853,1.2720259431316487
2.699999999999985,1.2825755338380502
2.709999999999985,1.2930777238820408
2.7199999999999847,1.3035336589440099
2.7299999999999844,1.3139444432699419
2.7399999999999842,1.324311141688371
2.749999999999984,1.3346347815038975
2.759999999999984,1.3449163542763376
2.7699999999999836,1.3551568174938111
2.7799999999999834,1.365357096147361
2.789999999999983,1.3755180842140728
2.799999999999983,1.3856406460550847
2.8099999999999827,1.3957256177343567
2.8199999999999825,1.405773808263602
2.8299999999999823,1.4157860007783485
2.839999999999982,1.4257629536497114
2.849999999999982,1.435705401536105
2.8599999999999817,1.445614056378793
2.8699999999999815,1.455489608344885
2.8799999999999812,1.4653327267211176
2.889999999999981,1.4751440607615058
2.899999999999981,1.4849242404917309
2.9099999999999806,1.4946738774729236
2.9199999999999804,1.5043935655273
2.92999999999998,1.5140838814279551
2.93999999999998,1.5237453855549297
2.9499999999999797,1.5333786225195458
2.9599999999999795,1.5429841217588531
2.9699999999999793,1.5525623981019052
2.979999999999979,1.5621139523094778
2.989999999999979,1.5716392715887244
2.9999999999999787,1.5811388300841693
3.0099999999999785,1.5906130893463486
3.0199999999999783,1.600062498779324
3.029999999999978,1.6094874960682153
3.039999999999978,1.618888507587824
3.0499999999999776,1.6282659487933573
3.0599999999999774,1.6376202245941915
3.069999999999977,1.6469517297115694
3.079999999999977,1.6562608490210498
3.0899999999999768,1.6655479578805072
3.0999999999999766,1.6748134224444007
3.1099999999999763,1.684057599965015
3.119999999999976,1.693280839081316
3.129999999999976,1.7024834800960404
3.1399999999999757,1.71166585524159
3.1499999999999755,1.7208282889352797
3.1599999999999753,1.7299710980244503
3.169999999999975,1.7390945920219294
3.179999999999975,1.748199073332302
3.1899999999999746,1.757284837469418
3.1999999999999744,1.7663521732655463
3.209999999999974,1.7754013630725638
3.219999999999974,1.7844326829555426
3.229999999999974,1.7934464028790813
3.2399999999999736,1.8024427868867057
3.2499999999999734,1.8114220932736558
3.259999999999973,1.8203845747533438
3.269999999999973,1.8293304786177678
3.2799999999999727,1.8382600468921448
3.2899999999999725,1.8471735164840117
3.2999999999999723,1.856071119327034
3.309999999999972,1.8649530825197473
3.319999999999972,1.8738196284594486
3.3299999999999716,1.882670974971438
3.3399999999999714,1.8915073354338081
3.3499999999999712,1.9003289188979637
3.359999999999971,1.9091359302050501
3.369999999999971,1.9179285700984543
3.3799999999999706,1.9267070353325388
3.3899999999999704,1.935471518777763
3.39999999999997,1.9442222095223318
3.40999999999997,1.952959292970516
3.4199999999999697,1.9616829509377647
3.4299999999999695,1.97039336174275
3.4399999999999693,1.9790907002964504
3.449999999999969,1.987775138188395
3.459999999999969,1.9964468437701748
3.4699999999999687,2.0051059822363233
3.4799999999999685,2.013752715702673
3.4899999999999682,2.0223872032822716
3.499999999999968,2.0310096011589627
3.509999999999968,2.039620062658702
3.5199999999999676,2.0482187383187096
3.5299999999999674,2.056805775954522
3.539999999999967,2.0653813207250336
3.549999999999967,2.0739455151955855
3.5599999999999667,2.0824984993991906
3.5699999999999665,2.0910404108959444
3.5799999999999663,2.099571384830694
3.589999999999966,2.108091553989029
3.599999999999966,2.1166010488516434
3.6099999999999657,2.1250999976471405
3.6199999999999655,2.1335885264033165
3.6299999999999653,2.1420667589969913
3.639999999999965,2.150534817202426
3.649999999999965,2.1589928207383813
3.6599999999999646,2.167440887313855
3.6699999999999644,2.175879132672555
3.679999999999964,2.1843076706361373
3.689999999999964,2.19272661314626
3.6999999999999638,2.201136070305483
3.7099999999999635,2.2095361504170654
3.7199999999999633,2.2179269600236755
3.729999999999963,2.2263086039450735
3.739999999999963,2.2346811853147783
3.7499999999999627,2.243044805615764
3.7599999999999625,2.2513995647152147
3.7699999999999623,2.259745560898363
3.779999999999962,2.268082890901445
3.789999999999962,2.2764116499438005
3.7999999999999616,2.2847319317591404
3.8099999999999614,2.293043828626015
3.819999999999961,2.3013474313974958
3.829999999999961,2.3096428295301092
3.839999999999961,2.3179301111120347
3.8499999999999606,2.326209362890591
3.8599999999999604,2.334480670299038
3.86999999999996,2.342744117482711
3.87999999999996,2.3509997873245
3.8899999999999597,2.359247761469711
3.8999999999999595,2.3674881203503095
3.9099999999999593,2.375720943208575
3.919999999999959,2.383946308120181
3.929999999999959,2.3921642920167163
3.9399999999999586,2.400374970707668
3.9499999999999584,2.408578418901871
3.959999999999958,2.4167747102284554
3.969999999999958,2.4249639172572928
3.979999999999958,2.433146111518959
3.9899999999999576,2.441321363524235
3.9999999999999574,2.4494897427831432
4.009999999999957,2.4576513178235495
4.019999999999957,2.465806156209329
4.029999999999957,2.4739543245581204
4.0399999999999565,2.482095888558664
4.049999999999956,2.490230912987754
4.059999999999956,2.4983594617267992
4.069999999999956,2.506481597778013
4.079999999999956,2.5145973832802375
4.0899999999999554,2.5227068795244163
4.099999999999955,2.5308101469687165
4.109999999999955,2.5389072452533226
4.119999999999955,2.5469982332148984
4.129999999999955,2.555083168900733
4.139999999999954,2.563162109582578
4.149999999999954,2.57123511177018
4.159999999999954,2.579302231224524
4.169999999999954,2.5873635229707883
4.1799999999999535,2.5954190413110187
4.189999999999953,2.603468839836537
4.199999999999953,2.6115129714400815
4.209999999999953,2.619551488327687
4.219999999999953,2.6275844420303223
4.2299999999999525,2.6356118834152724
4.239999999999952,2.6436338626972904
4.249999999999952,2.6516504294495147
4.259999999999952,2.6596616326141556
4.269999999999952,2.6676675205129654
4.279999999999951,2.6756681408574927
4.289999999999951,2.6836635407591225
4.299999999999951,2.691653766738915
4.309999999999951,2.6996388647372425
4.3199999999999505,2.707618880123232
4.32999999999995,2.715593857704017
4.33999999999995,2.7235638417338013
4.34999999999995,2.7315288759227463
4.35999999999995,2.7394890034456756
4.3699999999999495,2.7474442669506107
4.379999999999949,2.755394708567137
4.389999999999949,2.7633403699146033
4.399999999999949,2.771281292110163
4.409999999999949,2.779217515776657
4.419999999999948,2.787149081050343
4.429999999999948,2.7950760275884754
4.439999999999948,2.8029983945767376
4.449999999999948,2.8109162207365355
4.459999999999948,2.8188295443321447
4.469999999999947,2.826738403177727
4.479999999999947,2.8346428346442103
4.489999999999947,2.8425428756660405
4.499999999999947,2.850438562747803
4.5099999999999465,2.858329931970723
4.519999999999946,2.8662170189990426
4.529999999999946,2.8740998590862765
4.539999999999946,2.881978487081358
4.549999999999946,2.8898529374346635
4.559999999999945,2.8977232442039305
4.569999999999945,2.9055894410600667
4.579999999999945,2.9134515612928507
4.589999999999945,2.92130963781653
4.599999999999945,2.9291637031753184
4.609999999999944,2.9370137895487898
4.619999999999944,2.9448599287571797
4.629999999999944,2.9527021522665877
4.639999999999944,2.960540491194089
4.6499999999999435,2.9683749763127527
4.659999999999943,2.9762056380565736
4.669999999999943,2.9840325065253115
4.679999999999943,2.991855611489253
4.689999999999943,2.999674982393881
4.6999999999999424,3.007490648364468
4.709999999999942,3.0153026382105876
4.719999999999942,3.0231109804305443
4.729999999999942,3.0309157032157334
4.739999999999942,3.038716834454919
4.749999999999941,3.0465144017384396
4.759999999999941,3.0543084323623444
4.769999999999941,3.0620989533324554
4.779999999999941,3.069885991368363
4.7899999999999405,3.0776695729073507
4.79999999999994,3.085449724108256
4.80999999999994,3.093226470855264
4.81999999999994,3.1009998387616386
4.82999999999994,3.108769853173391
4.8399999999999395,3.1165365391728854
4.849999999999939,3.1242999215823866
4.859999999999939,3.132060024967546
4.869999999999939,3.1398168736408345
4.879999999999939,3.1475704916649128
4.889999999999938,3.155320902855952
4.899999999999938,3.163068130786894
4.909999999999938,3.1708121987906654
4.919999999999938,3.178553129963332
4.9299999999999375,3.1862909471672065
4.939999999999937,3.194025673033905
4.949999999999937,3.2017573299673554
4.959999999999937,3.209485940146753
4.969999999999937,3.217211525529474
4.9799999999999365,3.2249341078539393
4.989999999999936,3.2326537086424336
4.999999999999936,3.240370349203881
5.009999999999936,3.248084050636572
5.019999999999936,3.255794833830854
5.029999999999935,3.263502719471776
5.039999999999935,3.27120772804169
5.049999999999935,3.2789098798228156
5.059999999999935,3.2866091948997633
5.069999999999935,3.294305693162016
5.079999999999934,3.301999394306375
5.089999999999934,3.3096903178393693
5.099999999999934,3.3173784830796236
5.109999999999934,3.3250639091601926
5.1199999999999335,3.3327466150308607
5.129999999999933,3.3404266194604033
5.139999999999933,3.3481039410388167
5.149999999999933,3.3557785981795125
5.159999999999933,3.3634506091214798
5.169999999999932,3.3711199919314128
5.179999999999932,3.3787867645058114
5.189999999999932,3.3864509445730415
5.199999999999932,3.394112549695376
5.209999999999932,3.401771597270993
5.219999999999931,3.409428104535956
5.229999999999931,3.4170820885661555
5.239999999999931,3.4247335662792278
5.249999999999931,3.432382554436442
5.2599999999999305,3.4400290696445626
5.26999999999993,3.44767312835768
5.27999999999993,3.4553147468790204
5.28999999999993,3.462953941362725
5.29999999999993,3.4705907278156016
5.309999999999929,3.4782251220988596
5.319999999999929,3.4858571399298084
5.329999999999929,3.493486796883541
5.339999999999929,3.5011141083945865
5.349999999999929,3.5087390897585444
5.359999999999928,3.516361756133691
5.369999999999928,3.523982122542567
5.379999999999928,3.5316002038735377
5.389999999999928,3.539216014882337
5.3999999999999275,3.5468295701935846
5.409999999999927,3.5544408843022843
5.419999999999927,3.562049971575301
5.429999999999927,3.5696568462528164
5.439999999999927,3.577261522449764
5.4499999999999265,3.584864014157245
5.459999999999926,3.592464335243928
5.469999999999926,3.6000624994574184
5.479999999999926,3.607658520425623
5.489999999999926,3.615252411658084
5.499999999999925,3.622844186547303
5.509999999999925,3.6304338583700417
5.519999999999925,3.638021440288606
5.529999999999925,3.6456069453521156
5.5399999999999245,3.65319038649775
5.549999999999924,3.6607717765519854
5.559999999999924,3.6683511282318078
5.569999999999924,3.675928454145915
5.579999999999924,3.6835037667958987
5.5899999999999235,3.6910770785774134
5.599999999999923,3.6986484017813277
5.609999999999923,3.706217748594862
5.619999999999923,3.7137851311027092
5.629999999999923,3.7213505612881415
5.639999999999922,3.728914051034103
5.649999999999922,3.7364756121242864
5.659999999999922,3.744035256244198
5.669999999999922,3.7515929949822056
5.679999999999922,3.7591488398305746
5.689999999999921,3.7667028021864897
5.699999999999921,3.774254893353064
5.709999999999921,3.7818051245403366
5.719999999999921,3.78935350686625
5.7299999999999205,3.796900051357626
5.73999999999992,3.8044447689511203
5.74999999999992,3.8119876704941666
5.75999999999992,3.819528766745911
5.76999999999992,3.827068068378133
5.779999999999919,3.8346055859761554
5.789999999999919,3.842141330039739
5.799999999999919,3.8496753109839705
5.809999999999919,3.8572075391401395
5.819999999999919,3.8647380247565977
5.829999999999918,3.8722667779996156
5.839999999999918,3.8797938089542234
5.849999999999918,3.8873191276250423
5.859999999999918,3.8948427439371054
5.8699999999999175,3.902364667736668
5.879999999999917,3.9098849087920113
5.889999999999917,3.9174034767942287
5.899999999999917,3.9249203813580107
5.909999999999917,3.932435632022412
5.919999999999916,3.939949238251618
5.929999999999916,3.947461209435693
5.939999999999916,3.954971554891325
5.949999999999916,3.962480283862558
5.959999999999916,3.9699874055215205
5.969999999999915,3.9774929289691388
5.979999999999915,3.9849968632358412
5.989999999999915,3.992499217282264
5.999999999999915,3.999999999999936
6.0099999999999145,4.007499220211963
6.019999999999914,4.014996886673698
6.029999999999914,4.022493008073411
6.039999999999914,4.0299875930329465
6.049999999999914,4.037480650108367
6.0599999999999135,4.0449721877906
6.069999999999913,4.052462214506074
6.079999999999913,4.059950738617339
6.089999999999913,4.067437768423688
6.099999999999913,4.074923312161772
6.109999999999912,4.082407378006201
6.119999999999912,4.089889974070141
6.129999999999912,4.097371108405908
6.139999999999912,4.104850789005547
6.1499999999999115,4.11232902380141
6.159999999999911,4.119805820666728
6.169999999999911,4.127281187416172
6.179999999999911,4.13475513180641
6.189999999999911,4.142227661536658
6.1999999999999105,4.149698784249219
6.20999999999991,4.157168507530028
6.21999999999991,4.164636838909179
6.22999999999991,4.17210378586145
6.23999999999991,4.17956935580682
6.249999999999909,4.187033556110989
6.259999999999909,4.194496394085878
6.269999999999909,4.201957876990133
6.279999999999909,4.209418012029624
6.2899999999999086,4.216876806357926
6.299999999999908,4.2243342670768165
6.309999999999908,4.231790401236742
6.319999999999908,4.239245215837298
6.329999999999908,4.246698717827698
6.3399999999999075,4.254150914107234
6.349999999999907,4.2616018115257335
6.359999999999907,4.269051416884015
6.369999999999907,4.276499736934332
6.379999999999907,4.28394677838082
6.389999999999906,4.291392547879931
6.399999999999906,4.298837052040866
6.409999999999906,4.306280297426005
6.419999999999906,4.313722290551328
6.429999999999906,4.321163037886836
6.439999999999905,4.328602545856964
6.449999999999905,4.336040820840988
6.459999999999905,4.343477869173433
6.469999999999905,4.350913697144472
6.4799999999999045,4.3583483110003245
6.489999999999904,4.365781716943642
6.499999999999904,4.373213921133904
6.509999999999904,4.380644929687794
6.519999999999904,4.388074748679582
6.529999999999903,4.395503384141499
6.539999999999903,4.40293084206411
6.549999999999903,4.410357128396675
6.559999999999903,4.41778224904752
6.569999999999903,4.425206209884389
6.579999999999902,4.432629016734804
6.589999999999902,4.440050675386415
6.599999999999902,4.447471191587344
6.609999999999902,4.454890571046538
6.6199999999999015,4.462308819434099
6.629999999999901,4.469725942381629
6.639999999999901,4.4771419454825585
6.649999999999901,4.484556834292475
6.659999999999901,4.491970614329454
6.6699999999999005,4.499383291074382
6.6799999999999,4.506794869971268
6.6899999999999,4.514205356427566
6.6999999999999,4.52161475581449
6.7099999999999,4.529023073467315
6.719999999999899,4.536430314685692
6.729999999999899,4.543836484733943
6.739999999999899,4.55124158884137
6.749999999999899,4.558645632202542
6.7599999999998985,4.566048619977597
6.769999999999898,4.573450557292525
6.779999999999898,4.580851449239465
6.789999999999898,4.588251300876981
6.799999999999898,4.595650117230347
6.8099999999998975,4.603047903291829
6.819999999999897,4.610444664020956
6.829999999999897,4.617840404344794
6.839999999999897,4.6252351291582245
6.849999999999897,4.6326288433241976
6.859999999999896,4.64002155167401
6.869999999999896,4.647413259007561
6.879999999999896,4.6548039700936155
6.889999999999896,4.662193689670055
6.8999999999998956,4.669582422444139
6.909999999999895,4.676970173092755
6.919999999999895,4.684356946262664
6.929999999999895,4.691742746570753
6.939999999999895,4.6991275786042745
6.9499999999998945,4.706511446921091
6.959999999999894,4.713894356049917
6.969999999999894,4.72127631049055
6.979999999999894,4.72865731471411
6.989999999999894,4.736037373163271
6.999999999999893,4.74341649025249
7.009999999999893,4.750794670368237
7.019999999999893,4.75817191786922
7.029999999999893,4.7655482370866045
7.039999999999893,4.772923632324242
7.049999999999892,4.7802981078588855
7.059999999999892,4.787671667940403
7.069999999999892,4.795044316791998
7.079999999999892,4.80241605861042
7.0899999999998915,4.809786897566173
7.099999999999891,4.817156837803729
7.109999999999891,4.824525883441733
7.119999999999891,4.831894038573199
7.129999999999891,4.83926130726573
7.13999999999989,4.846627693561701
7.14999999999989,4.853993201478471
7.15999999999989,4.86135783500857
7.16999999999989,4.868721598119902
7.17999999999989,4.876084494755932
7.189999999999889,4.88344652883588
7.199999999999889,4.890807704254912
7.209999999999889,4.898168024884324
7.219999999999889,4.90552749457173
7.2299999999998885,4.912886117141246
7.239999999999888,4.920243896393672
7.249999999999888,4.927600836106674
7.259999999999888,4.934956940034957
7.269999999999888,4.942312211910452
7.2799999999998875,4.949666655442484
7.289999999999887,4.957020274317947
7.299999999999887,4.964373072201481
7.309999999999887,4.971725052735637
7.319999999999887,4.979076219541048
7.329999999999886,4.986426576216596
7.339999999999886,4.993776126339583
7.349999999999886,5.001124873465884
7.359999999999886,5.008472821130126
7.3699999999998855,5.015819972845831
7.379999999999885,5.023166332105593
7.389999999999885,5.030511902381223
7.399999999999885,5.037856687123915
7.409999999999885,5.045200689764397
7.4199999999998845,5.052543913713086
7.429999999999884,5.05988636236024
7.439999999999884,5.067228039076112
7.449999999999884,5.074568947211096
7.459999999999884,5.08190909009588
7.469999999999883,5.089248471041587
7.479999999999883,5.096587093339927
7.489999999999883,5.103924960263339
7.499999999999883,5.111262075065132
7.5099999999998825,5.118598440979632
7.519999999999882,5.125934061222317
7.529999999999882,5.133268938989961
7.539999999999882,5.140603077460767
7.549999999999882,5.147936479794511
7.5599999999998815,5.155269149132672
7.569999999999881,5.162601088598566
7.579999999999881,5.169932301297484
7.589999999999881,5.177262790316819
7.599999999999881,5.184592558726201
7.60999999999988,5.191921609577623
7.61999999999988,5.199249945905572
7.62999999999988,5.2065775707271555
7.63999999999988,5.213904487042228
7.64999999999988,5.2212306978335175
7.659999999999879,5.228556206066745
7.669999999999879,5.2358810146907535
7.679999999999879,5.2432051266376245
7.689999999999879,5.250528544822804
7.6999999999998785,5.257851272145216
7.709999999999878,5.265173311487388
7.719999999999878,5.272494665715562
7.729999999999878,5.2798153376798185
7.739999999999878,5.287135330214184
7.749999999999877,5.294454646136753
7.759999999999877,5.301773288249795
7.769999999999877,5.309091259339874
7.779999999999877,5.316408562177952
7.789999999999877,5.323725199519509
7.799999999999876,5.331041174104645
7.809999999999876,5.338356488658193
7.819999999999876,5.345671145889825
7.829999999999876,5.352985148494159
7.8399999999998755,5.360298499150866
7.849999999999875,5.367611200524776
7.859999999999875,5.374923255265978
7.869999999999875,5.382234666009929
7.879999999999875,5.389545435377553
7.8899999999998744,5.39685556597534
7.899999999999874,5.404165060395455
7.909999999999874,5.411473921215827
7.919999999999874,5.41878215100026
7.929999999999874,5.426089752298519
7.939999999999873,5.433396727646436
7.949999999999873,5.440703079566004
7.959999999999873,5.4480088105654705
7.969999999999873,5.455313923139436
7.9799999999998725,5.462618419768947
7.989999999999872,5.469922302921585
7.999999999999872,5.477225575051568
8.009999999999872,5.484528238599832
8.019999999999872,5.49183029599413
8.029999999999871,5.499131749649117
8.039999999999871,5.506432601966447
8.049999999999871,5.513732855334847
8.05999999999987,5.521032512130223
8.06999999999987,5.528331574715734
8.07999999999987,5.535630045441888
8.08999999999987,5.542927926646615
8.09999999999987,5.55022522065537
8.10999999999987,5.557521929781199
8.11999999999987,5.564818056324837
8.12999999999987,5.572113602574784
8.13999999999987,5.579408570807388
8.149999999999869,5.586702963286927
8.159999999999869,5.593996782265693
8.169999999999868,5.601290029984068
8.179999999999868,5.608582708670607
8.189999999999868,5.615874820542114
8.199999999999868,5.623166367803723
8.209999999999868,5.630457352648976
8.219999999999867,5.637747777259897
8.229999999999867,5.645037643807073
8.239999999999867,5.652326954449725
8.249999999999867,5.659615711335788
8.259999999999867,5.666903916601983
8.269999999999866,5.674191572373892
8.279999999999866,5.681478680766029
8.289999999999866,5.688765243881917
8.299999999999866,5.69605126381416
8.309999999999865,5.70333674264451
8.319999999999865,5.710621682443942
8.329999999999865,5.717906085272726
8.339999999999865,5.725189953180494
8.349999999999865,5.73247328820631
8.359999999999864,5.73975609237874
8.369999999999864,5.74703836771592
8.379999999999864,5.754320116225622
8.389999999999864,5.761601339905327
8.399999999999864,5.768882040742284
8.409999999999863,5.776162220713581
8.419999999999863,5.783441881786213
8.429999999999863,5.790721025917139
8.439999999999863,5.797999655053356
8.449999999999863,5.8052777711319585
8.459999999999862,5.8125553760802005
8.469999999999862,5.819832471815562
8.479999999999862,5.827109060245812
8.489999999999862,5.834385143269069
8.499999999999861,5.84166072277386
8.509999999999861,5.848935800639191
8.519999999999861,5.856210378734597
8.52999999999986,5.863484458920208
8.53999999999986,5.87075804304681
8.54999999999986,5.878031132955899
8.55999999999986,5.885303730479745
8.56999999999986,5.892575837441449
8.57999999999986,5.899847455655002
8.58999999999986,5.907118586925337
8.59999999999986,5.914389233048396
8.609999999999859,5.921659395811177
8.619999999999859,5.928929076991795
8.629999999999859,5.936198278359541
8.639999999999858,5.94346700167493
8.649999999999858,5.950735248689759
8.659999999999858,5.958003021147167
8.669999999999858,5.96527032078168
8.679999999999858,5.972537149319271
8.689999999999857,5.979803508477412
8.699999999999857,5.987069399965124
8.709999999999857,5.994334825483037
8.719999999999857,6.001599786723433
8.729999999999857,6.008864285370302
8.739999999999856,6.016128323099395
8.749999999999856,6.023391901578274
8.759999999999856,6.03065502246636
8.769999999999856,6.037917687414986
8.779999999999855,6.045179898067445
8.789999999999855,6.052441656059043
8.799999999999855,6.059702963017142
8.809999999999855,6.066963820561214
8.819999999999855,6.074224230302888
8.829999999999854,6.0814841938459985
8.839999999999854,6.08874371278663
8.849999999999854,6.096002788713167
8.859999999999854,6.103261423206343
8.869999999999854,6.11051961783928
8.879999999999853,6.117777374177545
8.889999999999853,6.125034693779186
8.899999999999853,6.132291578194785
8.909999999999853,6.139548028967498
8.919999999999852,6.146804047633102
8.929999999999852,6.15405963572004
8.939999999999852,6.161314794749468
8.949999999999852,6.168569526235291
8.959999999999852,6.1758238316842125
8.969999999999851,6.1830777125957805
8.979999999999851,6.190331170462422
8.989999999999851,6.197584206769494
8.99999999999985,6.20483682299532
9.00999999999985,6.212089020611235
9.01999999999985,6.219340801081627
9.02999999999985,6.226592165863977
9.03999999999985,6.233843116408901
9.04999999999985,6.241093654160194
9.05999999999985,6.248343780554863
9.06999999999985,6.255593497023175
9.079999999999849,6.262842804988692
9.089999999999849,6.270091705868314
9.099999999999849,6.277340201072316
9.109999999999848,6.284588292004387
9.119999999999848,6.291835980061672
9.129999999999848,6.299083266634805
9.139999999999848,6.306330153107956
9.149999999999848,6.313576640858857
9.159999999999847,6.320822731258851
9.169999999999847,6.328068425672924
9.179999999999847,6.335313725459742
9.189999999999847,6.34255863197169
9.199999999999847,6.3498031465549065
9.209999999999846,6.357047270549322
9.219999999999846,6.3642910052886945
9.229999999999846,6.371534352100644
9.239999999999846,6.378777312306691
9.249999999999845,6.386019887222289
9.259999999999845,6.39326207815686
9.269999999999845,6.400503886413832
9.279999999999845,6.407745313290671
9.289999999999845,6.414986360078917
9.299999999999844,6.422227028064218
9.309999999999844,6.429467318526361
9.319999999999844,6.43670723273931
9.329999999999844,6.443946771971238
9.339999999999844,6.45118593748456
9.349999999999843,6.458424730535964
9.359999999999843,6.465663152376447
9.369999999999843,6.472901204251346
9.379999999999843,6.480138887400372
9.389999999999842,6.487376203057637
9.399999999999842,6.494613152451692
9.409999999999842,6.501849736805559
9.419999999999842,6.509085957336753
9.429999999999842,6.5163218152573235
9.439999999999841,6.523557311773884
9.449999999999841,6.530792448087636
9.459999999999841,6.538027225394408
9.46999999999984,6.545261644884679
9.47999999999984,6.552495707743614
9.48999999999984,6.559729415151091
9.49999999999984,6.566962768281733
9.50999999999984,6.574195768304932
9.51999999999984,6.581428416384886
9.52999999999984,6.588660713680624
9.53999999999984,6.595892661346034
9.549999999999839,6.603124260529895
9.559999999999839,6.610355512375901
9.569999999999839,6.617586418022696
9.579999999999838,6.624816978603896
9.589999999999838,6.632047195248119
9.599999999999838,6.639277069079015
9.609999999999838,6.646506601215291
9.619999999999838,6.653735792770737
9.629999999999837,6.66096464485426
9.639999999999837,6.668193158569901
9.649999999999837,6.675421335016871
9.659999999999837,6.6826491752895745
9.669999999999837,6.689876680477632
9.679999999999836,6.697103851665913
9.689999999999836,6.70433068993456
9.699999999999836,6.71155719635901
9.709999999999836,6.718783372010026
9.719999999999835,6.7260092179537185
9.729999999999835,6.733234735251578
9.739999999999835,6.740459924960492
9.749999999999835,6.74768478813277
9.759999999999835,6.754909325816179
9.769999999999834,6.762133539053956
9.779999999999834,6.769357428884841
9.789999999999834,6.776580996343095
9.799999999999834,6.783804242458531
9.809999999999834,6.791027168256535
9.819999999999833,6.798249774758086
9.829999999999833,6.805472062979787
9.839999999999833,6.8126940339338855
9.849999999999833,6.819915688628295
9.859999999999832,6.827137028066622
9.869999999999832,6.834358053248186
9.879999999999832,6.841578765168047
9.889999999999832,6.848799164817022
9.899999999999832,6.856019253181713
9.909999999999831,6.863239031244528
9.919999999999831,6.8704584999837035
9.929999999999831,6.877677660373327
9.93999999999983,6.8848965133833575
9.94999999999983,6.892115059979652
9.95999999999983,6.8993333011239795
9.96999999999983,6.906551237774053
9.97999999999983,6.913768870883543
9.98999999999983,6.920986201402102
9.99999999999983,6.928203230275386
10.00999999999983,6.935419958445076
10.019999999999829,6.942636386848895
10.029999999999829,6.949852516420639
10.039999999999829,6.957068348090184
10.049999999999828,6.964283882783518
10.059999999999828,6.971499121422757
10.069999999999828,6.978714064926164
10.079999999999828,6.985928714208174
10.089999999999828,6.993143070179407
10.099999999999827,7.000357133746696
10.109999999999827,7.007570905813102
10.119999999999827,7.014784387277933
10.129999999999827,7.0219975790367695
10.139999999999826,7.029210481981475
10.149999999999826,7.036423097000225
10.159999999999826,7.043635424977519
10.169999999999826,7.050847466794203
10.179999999999826,7.058059223327488
10.189999999999825,7.06527069545097
10.199999999999825,7.0724818840346435
10.209999999999825,7.079692789944929
10.219999999999825,7.086903414044685
10.229999999999825,7.094113757193227
10.239999999999824,7.101323820246349
10.249999999999824,7.108533604056339
10.259999999999824,7.115743109471996
10.269999999999824,7.122952337338654
10.279999999999824,7.130161288498191
10.289999999999823,7.137369963789055
10.299999999999823,7.144578364046277
10.309999999999823,7.151786490101489
10.319999999999823,7.158994342782942
10.329999999999822,7.1662019229155245
10.339999999999822,7.173409231320778
10.349999999999822,7.180616268816915
10.359999999999822,7.187823036218835
10.369999999999822,7.1950295343381425
10.379999999999821,7.202235763983164
10.389999999999821,7.209441725958962
10.399999999999821,7.216647421067357
10.40999999999982,7.223852850106938
10.41999999999982,7.231058013873082
10.42999999999982,7.238262913157972
10.43999999999982,7.245467548750606
10.44999999999982,7.252671921436824
10.45999999999982,7.2598760319993145
10.46999999999982,7.267079881217635
10.47999999999982,7.274283469868226
10.489999999999819,7.281486798724427
10.499999999999819,7.288689868556495
10.509999999999819,7.295892680131616
10.519999999999818,7.303095234213921
10.529999999999818,7.310297531564505
10.539999999999818,7.3174995729414345
10.549999999999818,7.324701359099774
10.559999999999818,7.33190289079159
10.569999999999817,7.339104168765972
10.579999999999817,7.346305193769046
10.589999999999817,7.35350596654399
10.599999999999817,7.360706487831046
10.609999999999816,7.367906758367539
10.619999999999816,7.375106778887886
10.629999999999816,7.382306550123616
10.639999999999816,7.389506072803381
10.649999999999816,7.396705347652969
10.659999999999815,7.403904375395324
10.669999999999815,7.411103156750554
10.679999999999815,7.418301692435946
10.689999999999815,7.425499983165984
10.699999999999815,7.432698029652356
10.709999999999814,7.439895832603976
10.719999999999814,7.447093392726991
10.729999999999814,7.4542907107247975
10.739999999999814,7.461487787298053
10.749999999999813,7.468684623144694
10.759999999999813,7.475881218959942
10.769999999999813,7.483077575436325
10.779999999999813,7.490273693263683
10.789999999999813,7.497469573129189
10.799999999999812,7.504665215717353
10.809999999999812,7.511860621710041
10.819999999999812,7.51905579178649
10.829999999999812,7.526250726623314
10.839999999999812,7.53344542689452
10.849999999999811,7.540639893271522
10.859999999999811,7.547834126423152
10.869999999999811,7.555028127015673
10.87999999999981,7.56222189571279
10.88999999999981,7.5694154331756645
10.89999999999981,7.576608740062927
10.90999999999981,7.583801817030686
10.91999999999981,7.590994664732542
10.92999999999981,7.598187283819603
10.93999999999981,7.60537967494049
10.94999999999981,7.612571838741354
10.959999999999809,7.619763775865883
10.969999999999809,7.626955486955322
10.979999999999809,7.634146972648477
10.989999999999808,7.641338233581726
10.999999999999808,7.648529270389039
11.009999999999808,7.655720083701982
11.019999999999808,7.662910674149731
11.029999999999808,7.670101042359082
11.039999999999807,7.677291188954466
11.049999999999807,7.684481114557955
11.059999999999807,7.691670819789278
11.069999999999807,7.698860305265829
11.079999999999806,7.706049571602681
11.089999999999806,7.713238619412591
11.099999999999806,7.720427449306019
11.109999999999806,7.727616061891134
11.119999999999806,7.7348044577738255
11.129999999999805,7.741992637557713
11.139999999999805,7.749180601844161
11.149999999999805,7.756368351232284
11.159999999999805,7.763555886318963
11.169999999999805,7.7707432076988505
11.179999999999804,7.777930315964383
11.189999999999804,7.785117211705795
11.199999999999804,7.792303895511122
11.209999999999804,7.799490367966217
11.219999999999803,7.806676629654759
11.229999999999803,7.8138626811582625
11.239999999999803,7.821048523056086
11.249999999999803,7.828234155925446
11.259999999999803,7.835419580341424
11.269999999999802,7.842604796876977
11.279999999999802,7.849789806102948
11.289999999999802,7.856974608588077
11.299999999999802,7.864159204899005
11.309999999999802,7.871343595600293
11.319999999999801,7.878527781254423
11.329999999999801,7.885711762421814
11.339999999999801,7.892895539660825
11.3499999999998,7.900079113527771
11.3599999999998,7.907262484576931
11.3699999999998,7.914445653360552
11.3799999999998,7.921628620428866
11.3899999999998,7.928811386330092
11.3999999999998,7.935993951610454
11.4099999999998,7.943176316814181
11.4199999999998,7.950358482483523
11.429999999999799,7.957540449158754
11.439999999999799,7.964722217378187
11.449999999999799,7.971903787678179
11.459999999999798,7.979085160593142
11.469999999999798,7.986266336655552
11.479999999999798,7.9934473163959545
11.489999999999798,8.000628100342977
11.499999999999797,8.007808689023339
11.509999999999797,8.014989082961852
11.519999999999797,8.02216928268144
11.529999999999797,8.029349288703143
11.539999999999797,8.036529101546117
11.549999999999796,8.043708721727661
11.559999999999796,8.050888149763207
11.569999999999796,8.058067386166341
11.579999999999796,8.065246431448802
11.589999999999796,8.072425286120499
11.599999999999795,8.079603950689515
11.609999999999795,8.086782425662113
11.619999999999795,8.09396071154275
11.629999999999795,8.101138808834078
11.639999999999795,8.108316718036956
11.649999999999794,8.115494439650464
11.659999999999794,8.122671974171897
11.669999999999794,8.129849322096787
11.679999999999794,8.1370264839189
11.689999999999793,8.144203460130253
11.699999999999793,8.151380251221113
11.709999999999793,8.158556857680013
11.719999999999793,8.165733279993756
11.729999999999793,8.172909518647417
11.739999999999792,8.180085574124366
11.749999999999792,8.187261446906259
11.759999999999792,8.194437137473052
11.769999999999792,8.201612646303015
11.779999999999792,8.20878797387273
11.789999999999791,8.215963120657099
11.799999999999791,8.223138087129362
11.80999999999979,8.23031287376109
11.81999999999979,8.237487481022203
11.82999999999979,8.244661909380973
11.83999999999979,8.251836159304032
11.84999999999979,8.259010231256376
11.85999999999979,8.26618412570138
11.86999999999979,8.273357843100799
11.87999999999979,8.280531383914772
11.88999999999979,8.28770474860184
11.899999999999789,8.294877937618944
11.909999999999789,8.30205095142143
11.919999999999789,8.30922379046307
11.929999999999788,8.316396455196053
11.939999999999788,8.323568946071
11.949999999999788,8.330741263536964
11.959999999999788,8.337913408041455
11.969999999999787,8.34508538003042
11.979999999999787,8.352257179948271
11.989999999999787,8.359428808237885
11.999999999999787,8.366600265340603
12.009999999999787,8.373771551696251
12.019999999999786,8.380942667743136
12.029999999999786,8.388113613918057
12.039999999999786,8.395284390656306
12.049999999999786,8.402454998391686
12.059999999999786,8.409625437556503
12.069999999999785,8.416795708581587
12.079999999999785,8.423965811896283
12.089999999999785,8.431135747928472
12.099999999999785,8.438305517104569
12.109999999999784,8.445475119849528
12.119999999999784,8.452644556586854
12.129999999999784,8.459813827738609
12.139999999999784,8.466982933725411
12.149999999999784,8.474151874966449
12.159999999999783,8.48132065187948
12.169999999999783,8.488489264880846
12.179999999999783,8.49565771438547
12.189999999999783,8.50282600080687
12.199999999999783,8.509994124557158
12.209999999999782,8.517162086047051
12.219999999999782,8.524329885685873
12.229999999999782,8.53149752388157
12.239999999999782,8.538665001040696
12.249999999999782,8.545832317568449
12.259999999999781,8.552999473868645
12.269999999999781,8.560166470343747
12.27999999999978,8.567333307394858
12.28999999999978,8.574499985421733
12.29999999999978,8.581666504822785
12.30999999999978,8.588832865995082
12.31999999999978,8.595999069334367
12.32999999999978,8.603165115235049
12.33999999999978,8.61033100409022
12.34999999999978,8.617496736291653
12.35999999999978,8.62466231222981
12.369999999999779,8.631827732293855
12.379999999999779,8.638992996871641
12.389999999999779,8.646158106349736
12.399999999999778,8.653323061113415
12.409999999999778,8.660487861546672
12.419999999999778,8.66765250803222
12.429999999999778,8.674817000951503
12.439999999999777,8.681981340684697
12.449999999999777,8.68914552761071
12.459999999999777,8.696309562107206
12.469999999999777,8.703473444550584
12.479999999999777,8.710637175316005
12.489999999999776,8.717800754777388
12.499999999999776,8.724964183307414
12.509999999999776,8.732127461277532
12.519999999999776,8.739290589057969
12.529999999999776,8.746453567017731
12.539999999999775,8.753616395524606
12.549999999999775,8.760779074945171
12.559999999999775,8.767941605644804
12.569999999999775,8.775103987987674
12.579999999999774,8.782266222336759
12.589999999999774,8.789428309053847
12.599999999999774,8.796590248499538
12.609999999999774,8.803752041033253
12.619999999999774,8.810913687013233
12.629999999999773,8.818075186796557
12.639999999999773,8.825236540739128
12.649999999999773,8.832397749195692
12.659999999999773,8.839558812519838
12.669999999999773,8.846719731064
12.679999999999772,8.853880505179472
12.689999999999772,8.861041135216398
12.699999999999772,8.868201621523786
12.709999999999772,8.875361964449512
12.719999999999771,8.882522164340322
12.729999999999771,8.889682221541841
12.739999999999771,8.89684213639857
12.74999999999977,8.904001909253898
12.75999999999977,8.911161540450104
12.76999999999977,8.918321030328359
12.77999999999977,8.925480379228732
12.78999999999977,8.932639587490199
12.79999999999977,8.93979865545064
12.80999999999977,8.946957583446848
12.81999999999977,8.954116371814532
12.82999999999977,8.961275020888325
12.839999999999769,8.968433531001779
12.849999999999769,8.97559190248738
12.859999999999769,8.982750135676547
12.869999999999768,8.989908230899635
12.879999999999768,8.997066188485945
12.889999999999768,9.004224008763721
12.899999999999768,9.011381692060159
12.909999999999767,9.01853923870141
12.919999999999767,9.025696649012584
12.929999999999767,9.032853923317756
12.939999999999767,9.040011061939968
12.949999999999767,9.04716806520123
12.959999999999766,9.054324933422533
12.969999999999766,9.061481666923846
12.979999999999766,9.06863826602412
12.989999999999766,9.075794731041295
12.999999999999766,9.082951062292308
13.009999999999765,9.090107260093081
13.019999999999765,9.097263324758547
13.029999999999765,9.104419256602638
13.039999999999765,9.111575055938294
13.049999999999764,9.118730723077467
13.059999999999764,9.125886258331128
13.069999999999764,9.133041662009262
13.079999999999764,9.140196934420883
13.089999999999764,9.147352075874029
13.099999999999763,9.15450708667577
13.109999999999763,9.161661967132213
13.119999999999763,9.168816717548502
13.129999999999763,9.175971338228825
13.139999999999763,9.183125829476413
13.149999999999762,9.190280191593555
13.159999999999762,9.197434424881585
13.169999999999762,9.204588529640903
13.179999999999762,9.21174250617096
13.189999999999761,9.218896354770285
13.199999999999761,9.226050075736467
13.209999999999761,9.233203669366167
13.21999999999976,9.240357135955128
13.22999999999976,9.247510475798167
13.23999999999976,9.254663689189188
13.24999999999976,9.26181677642118
13.25999999999976,9.268969737786223
13.26999999999976,9.276122573575492
13.27999999999976,9.283275284079258
13.28999999999976,9.29042786958689
13.29999999999976,9.297580330386868
13.309999999999759,9.304732666766778
13.319999999999759,9.311884879013313
13.329999999999758,9.319036967412286
13.339999999999758,9.326188932248627
13.349999999999758,9.333340773806386
13.359999999999758,9.340492492368737
13.369999999999758,9.347644088217992
13.379999999999757,9.35479556163558
13.389999999999757,9.361946912902077
13.399999999999757,9.369098142297196
13.409999999999757,9.376249250099782
13.419999999999757,9.38340023658784
13.429999999999756,9.390551102038513
13.439999999999756,9.397701846728099
13.449999999999756,9.404852470932052
13.459999999999756,9.412002974924983
13.469999999999756,9.419153358980664
13.479999999999755,9.426303623372032
13.489999999999755,9.433453768371194
13.499999999999755,9.440603794249428
13.509999999999755,9.44775370127718
13.519999999999754,9.454903489724085
13.529999999999754,9.462053159858947
13.539999999999754,9.469202711949759
13.549999999999754,9.476352146263702
13.559999999999754,9.483501463067144
13.569999999999753,9.490650662625647
13.579999999999753,9.497799745203972
13.589999999999753,9.504948711066074
13.599999999999753,9.512097560475116
13.609999999999753,9.519246293693458
13.619999999999752,9.526394910982676
13.629999999999752,9.533543412603555
13.639999999999752,9.540691798816091
13.649999999999752,9.547840069879502
13.659999999999751,9.554988226052222
13.669999999999751,9.562136267591914
13.679999999999751,9.569284194755458
13.68999999999975,9.576432007798969
13.69999999999975,9.583579706977794
13.70999999999975,9.590727292546513
13.71999999999975,9.597874764758945
13.72999999999975,9.605022123868146
13.73999999999975,9.612169370126422
13.74999999999975,9.619316503785317
13.75999999999975,9.626463525095629
13.769999999999749,9.633610434307407
13.779999999999749,9.640757231669955
13.789999999999749,9.647903917431833
13.799999999999748,9.655050491840866
13.809999999999748,9.66219695514413
13.819999999999748,9.669343307587983
13.829999999999748,9.676489549418038
13.839999999999748,9.683635680879187
13.849999999999747,9.69078170221559
13.859999999999747,9.697927613670691
13.869999999999747,9.705073415487206
13.879999999999747,9.712219107907135
13.889999999999747,9.71936469117177
13.899999999999746,9.726510165521676
13.909999999999746,9.733655531196717
13.919999999999746,9.740800788436054
13.929999999999746,9.747945937478134
13.939999999999745,9.755090978560705
13.949999999999745,9.762235911920817
13.959999999999745,9.769380737794819
13.969999999999745,9.776525456418371
13.979999999999745,9.783670068026437
13.989999999999744,9.790814572853293
13.999999999999744,9.79795897113253
14.009999999999744,9.805103263097049
14.019999999999744,9.812247448979077
14.029999999999744,9.819391529010156
14.039999999999743,9.826535503421152
14.049999999999743,9.83367937244226
14.059999999999743,9.840823136302998
14.069999999999743,9.847966795232221
14.079999999999742,9.85511034945811
14.089999999999742,9.86225379920819
14.099999999999742,9.869397144709314
14.109999999999742,9.876540386187683
14.119999999999742,9.88368352386884
14.129999999999741,9.890826557977668
14.139999999999741,9.897969488738402
14.149999999999741,9.905112316374627
14.15999999999974,9.91225504110928
14.16999999999974,9.91939766316465
14.17999999999974,9.926540182762386
14.18999999999974,9.933682600123497
14.19999999999974,9.94082491546835
14.20999999999974,9.947967129016677
14.21999999999974,9.955109240987579
14.22999999999974,9.962251251599524
14.239999999999739,9.96939316107035
14.249999999999739,9.976534969617271
14.259999999999739,9.983676677456872
14.269999999999738,9.990818284805117
14.279999999999738,9.997959791877353
14.289999999999738,10.005101198888308
14.299999999999738,10.012242506052091
14.309999999999738,10.0193837135822
14.319999999999737,10.026524821691524
14.329999999999737,10.033665830592337
14.339999999999737,10.040806740496315
14.349999999999737,10.04794755161452
14.359999999999737,10.055088264157417
14.369999999999736,10.062228878334869
14.379999999999736,10.069369394356144
14.389999999999736,10.076509812429906
14.399999999999736,10.083650132764236
14.409999999999735,10.090790355566615
14.419999999999735,10.097930481043935
14.429999999999735,10.105070509402504
14.439999999999735,10.112210440848044
14.449999999999735,10.11935027558569
14.459999999999734,10.12649001382
14.469999999999734,10.133629655754948
14.479999999999734,10.140769201593939
14.489999999999734,10.14790865153979
14.499999999999734,10.155048005794761
14.509999999999733,10.162187264560526
14.519999999999733,10.169326428038197
14.529999999999733,10.176465496428321
14.539999999999733,10.183604469930875
14.549999999999732,10.190743348745277
14.559999999999732,10.197882133070381
14.569999999999732,10.205020823104483
14.579999999999732,10.212159419045323
14.589999999999732,10.219297921090083
14.599999999999731,10.226436329435396
14.609999999999731,10.23357464427734
14.619999999999731,10.240712865811446
14.62999999999973,10.247850994232696
14.63999999999973,10.25498902973553
14.64999999999973,10.262126972513839
14.65999999999973,10.269264822760977
14.66999999999973,10.276402580669757
14.67999999999973,10.283540246432453
14.68999999999973,10.290677820240804
14.69999999999973,10.297815302286015
14.709999999999729,10.30495269275876
14.719999999999729,10.312089991849179
14.729999999999729,10.319227199746887
14.739999999999728,10.326364316640973
14.749999999999728,10.333501342719998
14.759999999999728,10.340638278172
14.769999999999728,10.3477751231845
14.779999999999728,10.354911877944494
14.789999999999727,10.362048542638467
14.799999999999727,10.369185117452382
14.809999999999727,10.376321602571691
14.819999999999727,10.383457998181335
14.829999999999727,10.390594304465743
14.839999999999726,10.397730521608835
14.849999999999726,10.404866649794025
14.859999999999726,10.41200268920422
14.869999999999726,10.419138640021828
14.879999999999725,10.426274502428752
14.889999999999725,10.433410276606393
14.899999999999725,10.44054596273566
14.909999999999725,10.44768156099696
14.919999999999725,10.45481707157021
14.929999999999724,10.461952494634827
14.939999999999724,10.469087830369745
14.949999999999724,10.476223078953401
14.959999999999724,10.48335824056375
14.969999999999724,10.490493315378256
14.979999999999723,10.4976283035739
14.989999999999723,10.504763205327183
14.999999999999723,10.511898020814122
15.009999999999723,10.51903275021025
15.019999999999722,10.526167393690631
15.029999999999722,10.533301951429847
15.039999999999722,10.540436423602005
15.049999999999722,10.547570810380739
15.059999999999722,10.554705111939215
15.069999999999721,10.561839328450125
15.079999999999721,10.568973460085695
15.089999999999721,10.576107507017683
15.09999999999972,10.583241469417382
15.10999999999972,10.590375347455621
15.11999999999972,10.59750914130277
15.12999999999972,10.604642851128734
15.13999999999972,10.611776477102962
15.14999999999972,10.618910019394447
15.15999999999972,10.62604347817172
15.16999999999972,10.633176853602865
15.179999999999719,10.640310145855512
15.189999999999719,10.647443355096835
15.199999999999719,10.654576481493562
15.209999999999718,10.661709525211974
15.219999999999718,10.668842486417901
15.229999999999718,10.675975365276734
15.239999999999718,10.683108161953417
15.249999999999718,10.69024087661245
15.259999999999717,10.697373509417893
15.269999999999717,10.70450606053337
15.279999999999717,10.71163853012207
15.289999999999717,10.718770918346733
15.299999999999716,10.725903225369679
15.309999999999716,10.733035451352784
15.319999999999716,10.7401675964575
15.329999999999716,10.747299660844842
15.339999999999716,10.7544316446754
15.349999999999715,10.761563548109338
15.359999999999715,10.768695371306388
15.369999999999715,10.775827114425862
15.379999999999715,10.78295877762665
15.389999999999715,10.790090361067215
15.399999999999714,10.797221864905602
15.409999999999714,10.804353289299439
15.419999999999714,10.811484634405932
15.429999999999714,10.818615900381877
15.439999999999714,10.82574708738365
15.449999999999713,10.832878195567213
15.459999999999713,10.84000922508812
15.469999999999713,10.847140176101513
15.479999999999713,10.85427104876212
15.489999999999712,10.86140184322427
15.499999999999712,10.868532559641874
15.509999999999712,10.875663198168446
15.519999999999712,10.882793758957096
15.529999999999712,10.889924242160527
15.539999999999711,10.897054647931041
15.549999999999711,10.904184976420545
15.559999999999711,10.911315227780541
15.56999999999971,10.918445402162137
15.57999999999971,10.925575499716045
15.58999999999971,10.932705520592581
15.59999999999971,10.939835464941668
15.60999999999971,10.946965332912837
15.61999999999971,10.954095124655229
15.62999999999971,10.961224840317595
15.63999999999971,10.968354480048292
15.649999999999709,10.975484043995301
15.659999999999709,10.982613532306209
15.669999999999709,10.989742945128219
15.679999999999708,10.996872282608152
15.689999999999708,11.00400154489245
15.699999999999708,11.01113073212717
15.709999999999708,11.01825984445799
15.719999999999708,11.025388882030212
15.729999999999707,11.032517844988758
15.739999999999707,11.039646733478177
15.749999999999707,11.04677554764264
15.759999999999707,11.05390428762595
15.769999999999706,11.061032953571532
15.779999999999706,11.068161545622441
15.789999999999706,11.075290063921367
15.799999999999706,11.082418508610624
15.809999999999706,11.089546879832167
15.819999999999705,11.096675177727576
15.829999999999705,11.103803402438073
15.839999999999705,11.110931554104512
15.849999999999705,11.118059632867388
15.859999999999705,11.12518763886683
15.869999999999704,11.13231557224261
15.879999999999704,11.13944343313414
15.889999999999704,11.146571221680473
15.899999999999704,11.153698938020305
15.909999999999703,11.16082658229198
15.919999999999703,11.167954154633483
15.929999999999703,11.175081655182447
15.939999999999703,11.182209084076154
15.949999999999703,11.189336441451532
15.959999999999702,11.196463727445163
15.969999999999702,11.203590942193278
15.979999999999702,11.210718085831756
15.989999999999702,11.217845158496138
15.999999999999702,11.224972160321611
16.009999999999703,11.232099091443025
16.019999999999705,11.239225951994882
16.029999999999706,11.246352742111341
16.039999999999708,11.253479461926224
16.04999999999971,11.260606111573006
16.05999999999971,11.26773269118483
16.069999999999713,11.2748592008945
16.079999999999714,11.28198564083448
16.089999999999716,11.2891120111369
16.099999999999717,11.296238311933555
16.10999999999972,11.303364543355906
16.11999999999972,11.310490705535083
16.129999999999722,11.31761679860188
16.139999999999723,11.32474282268677
16.149999999999725,11.331868777919887
16.159999999999727,11.33899466443104
16.169999999999728,11.34612048234971
16.17999999999973,11.353246231805052
16.18999999999973,11.360371912925899
16.199999999999733,11.367497525840754
16.209999999999734,11.374623070677801
16.219999999999736,11.3817485475649
16.229999999999738,11.38887395662959
16.23999999999974,11.39599929799909
16.24999999999974,11.403124571800301
16.259999999999742,11.410249778159802
16.269999999999744,11.417374917203858
16.279999999999745,11.424499989058422
16.289999999999747,11.43162499384912
16.29999999999975,11.438749931701274
16.30999999999975,11.44587480273989
16.31999999999975,11.45299960708966
16.329999999999753,11.46012434487497
16.339999999999755,11.467249016219888
16.349999999999756,11.474373621248178
16.359999999999758,11.481498160083293
16.36999999999976,11.488622632848381
16.37999999999976,11.49574703966628
16.389999999999763,11.502871380659531
16.399999999999764,11.509995655950359
16.409999999999766,11.517119865660693
16.419999999999767,11.524244009912156
16.42999999999977,11.531368088826069
16.43999999999977,11.538492102523458
16.449999999999772,11.545616051125045
16.459999999999773,11.552739934751248
16.469999999999775,11.559863753522198
16.479999999999777,11.56698750755772
16.489999999999778,11.574111196977345
16.49999999999978,11.581234821900312
16.50999999999978,11.588358382445564
16.519999999999783,11.59548187873175
16.529999999999784,11.602605310877227
16.539999999999786,11.60972867900006
16.549999999999788,11.616851983218021
16.55999999999979,11.6239752236486
16.56999999999979,11.63109840040899
16.579999999999792,11.638221513616097
16.589999999999794,11.645344563386546
16.599999999999795,11.65246754983667
16.609999999999797,11.659590473082519
16.6199999999998,11.666713333239857
16.6299999999998,11.673836130424165
16.6399999999998,11.680958864750645
16.649999999999803,11.688081536334211
16.659999999999805,11.695204145289502
16.669999999999806,11.702326691730871
16.679999999999808,11.709449175772393
16.68999999999981,11.716571597527873
16.69999999999981,11.723693957110823
16.709999999999813,11.730816254634494
16.719999999999814,11.737938490211853
16.729999999999816,11.74506066395559
16.739999999999817,11.752182775978126
16.74999999999982,11.759304826391608
16.75999999999982,11.766426815307907
16.769999999999822,11.773548742838626
16.779999999999824,11.780670609095097
16.789999999999825,11.787792414188377
16.799999999999827,11.794914158229261
16.809999999999828,11.802035841328271
16.81999999999983,11.809157463595662
16.82999999999983,11.816279025141423
16.839999999999833,11.823400526075279
16.849999999999834,11.830521966506685
16.859999999999836,11.837643346544837
16.869999999999838,11.844764666298662
16.87999999999984,11.85188592587683
16.88999999999984,11.859007125387745
16.899999999999842,11.866128264939551
16.909999999999844,11.873249344640133
16.919999999999845,11.880370364597114
16.929999999999847,11.88749132491786
16.93999999999985,11.89461222570948
16.94999999999985,11.90173306707882
16.95999999999985,11.90885384913248
16.969999999999853,11.915974571976793
16.979999999999855,11.923095235717843
16.989999999999856,11.93021584046146
16.999999999999858,11.937336386313222
17.00999999999986,11.944456873378446
17.01999999999986,11.951577301762208
17.029999999999863,11.958697671569327
17.039999999999864,11.965817982904372
17.049999999999866,11.972938235871666
17.059999999999867,11.980058430575276
17.06999999999987,11.987178567119027
17.07999999999987,11.994298645606495
17.089999999999872,12.001418666141008
17.099999999999874,12.00853862882565
17.109999999999875,12.01565853376326
17.119999999999877,12.022778381056431
17.129999999999878,12.029898170807511
17.13999999999988,12.03701790311861
17.14999999999988,12.04413757809159
17.159999999999883,12.051257195828075
17.169999999999884,12.05837675642945
17.179999999999886,12.065496259996852
17.189999999999888,12.072615706631188
17.19999999999989,12.07973509643312
17.20999999999989,12.086854429503076
17.219999999999892,12.093973705941242
17.229999999999894,12.101092925847572
17.239999999999895,12.108212089321784
17.249999999999897,12.115331196463355
17.2599999999999,12.122450247371537
17.2699999999999,12.12956924214534
17.2799999999999,12.136688180883544
17.289999999999903,12.143807063684696
17.299999999999905,12.150925890647114
17.309999999999906,12.15804466186888
17.319999999999908,12.16516337744785
17.32999999999991,12.17228203748165
17.33999999999991,12.179400642067673
17.349999999999913,12.186519191303088
17.359999999999914,12.193637685284836
17.369999999999916,12.200756124109626
17.379999999999917,12.207874507873948
17.38999999999992,12.214992836674059
17.39999999999992,12.222111110605999
17.409999999999922,12.229229329765579
17.419999999999924,12.236347494248383
17.429999999999925,12.24346560414978
17.439999999999927,12.250583659564906
17.44999999999993,12.25770166058869
17.45999999999993,12.264819607315829
17.46999999999993,12.271937499840798
17.479999999999933,12.279055338257859
17.489999999999934,12.286173122661054
17.499999999999936,12.293290853144201
17.509999999999938,12.300408529800908
17.51999999999994,12.307526152724556
17.52999999999994,12.314643722008322
17.539999999999942,12.321761237745154
17.549999999999944,12.328878700027794
17.559999999999945,12.335996108948764
17.569999999999947,12.343113464600375
17.57999999999995,12.350230767074722
17.58999999999995,12.35734801646369
17.59999999999995,12.364465212858951
17.609999999999953,12.371582356351963
17.619999999999955,12.378699447033974
17.629999999999956,12.385816484996022
17.639999999999958,12.392933470328938
17.64999999999996,12.40005040312334
17.65999999999996,12.407167283469636
17.669999999999963,12.414284111458032
17.679999999999964,12.421400887178523
17.689999999999966,12.428517610720894
17.699999999999967,12.43563428217473
17.70999999999997,12.442750901629408
17.71999999999997,12.4498674691741
17.729999999999972,12.45698398489777
17.739999999999974,12.464100448889182
17.749999999999975,12.471216861236899
17.759999999999977,12.47833322202928
17.76999999999998,12.485449531354472
17.77999999999998,12.492565789300436
17.78999999999998,12.499681995954925
17.799999999999983,12.506798151405487
17.809999999999985,12.513914255739477
17.819999999999986,12.52103030904405
17.829999999999988,12.52814631140616
17.83999999999999,12.535262262912564
17.84999999999999,12.54237816364982
17.859999999999992,12.549494013704292
17.869999999999994,12.556609813162146
17.879999999999995,12.56372556210935
17.889999999999997,12.570841260631683
17.9,12.577956908814722
17.91,12.585072506743852
17.92,12.59218805450427
17.930000000000003,12.599303552180972
17.940000000000005,12.606418999858766
17.950000000000006,12.613534397622265
17.960000000000008,12.620649745555898
17.97000000000001,12.627765043743892
17.98000000000001,12.63488029227029
17.990000000000013,12.64199549121895
18.000000000000014,12.649110640673527
18.010000000000016,12.656225740717503
18.020000000000017,12.663340791434159
18.03000000000002,12.670455792906596
18.04000000000002,12.677570745217727
18.050000000000022,12.684685648450277
18.060000000000024,12.69180050268678
18.070000000000025,12.698915308009596
18.080000000000027,12.70603006450089
18.09000000000003,12.713144772242646
18.10000000000003,12.720259431316665
18.11000000000003,12.727374041804561
18.120000000000033,12.73448860378777
18.130000000000035,12.741603117347543
18.140000000000036,12.748717582564948
18.150000000000038,12.755831999520874
18.16000000000004,12.762946368296026
18.17000000000004,12.770060688970933
18.180000000000042,12.777174961625937
18.190000000000044,12.78428918634121
18.200000000000045,12.79140336319674
18.210000000000047,12.798517492272332
18.22000000000005,12.805631573647624
18.23000000000005,12.812745607402064
18.24000000000005,12.819859593614938
18.250000000000053,12.82697353236534
18.260000000000055,12.8340874237322
18.270000000000056,12.841201267794265
18.280000000000058,12.848315064630112
18.29000000000006,12.85542881431814
18.30000000000006,12.862542516936577
18.310000000000063,12.869656172563474
18.320000000000064,12.876769781276716
18.330000000000066,12.883883343154004
18.340000000000067,12.89099685827288
18.35000000000007,12.898110326710702
18.36000000000007,12.905223748544667
18.370000000000072,12.912337123851797
18.380000000000074,12.919450452708944
18.390000000000075,12.92656373519279
18.400000000000077,12.93367697137985
18.41000000000008,12.940790161346463
18.42000000000008,12.947903305168813
18.43000000000008,12.955016402922904
18.440000000000083,12.962129454684579
18.450000000000085,12.969242460529511
18.460000000000086,12.976355420533208
18.470000000000088,12.983468334771015
18.48000000000009,12.990581203318104
18.49000000000009,12.99769402624949
18.500000000000092,13.004806803640019
18.510000000000094,13.011919535564372
18.520000000000095,13.01903222209707
18.530000000000097,13.026144863312467
18.5400000000001,13.03325745928476
18.5500000000001,13.040370010087976
18.5600000000001,13.047482515795984
18.570000000000103,13.054594976482493
18.580000000000105,13.061707392221047
18.590000000000106,13.068819763085035
18.600000000000108,13.07593208914768
18.61000000000011,13.08304437048205
18.62000000000011,13.090156607161049
18.630000000000113,13.097268799257428
18.640000000000114,13.104380946843774
18.650000000000116,13.11149304999252
18.660000000000117,13.11860510877594
18.67000000000012,13.12571712326615
18.68000000000012,13.132829093535111
18.690000000000122,13.139941019654627
18.700000000000124,13.147052901696346
18.710000000000125,13.15416473973176
18.720000000000127,13.16127653383221
18.73000000000013,13.168388284068874
18.74000000000013,13.175499990512787
18.75000000000013,13.18261165323482
18.760000000000133,13.189723272305697
18.770000000000135,13.196834847795987
18.780000000000136,13.203946379776108
18.790000000000138,13.21105786831632
18.80000000000014,13.218169313486744
18.81000000000014,13.225280715357336
18.820000000000142,13.232392073997909
18.830000000000144,13.239503389478124
18.840000000000146,13.24661466186749
18.850000000000147,13.25372589123537
18.86000000000015,13.260837077650972
18.87000000000015,13.267948221183365
18.88000000000015,13.27505932190146
18.890000000000153,13.282170379874024
18.900000000000155,13.289281395169677
18.910000000000156,13.29639236785689
18.920000000000158,13.303503298003989
18.93000000000016,13.31061418567915
18.94000000000016,13.317725030950408
18.950000000000163,13.32483583388565
18.960000000000164,13.331946594552617
18.970000000000166,13.339057313018905
18.980000000000167,13.346167989351969
18.99000000000017,13.353278623619115
19.00000000000017,13.360389215887508
19.010000000000172,13.36749976622417
19.020000000000174,13.37461027469598
19.030000000000175,13.381720741369675
19.040000000000177,13.388831166311844
19.05000000000018,13.395941549588942
19.06000000000018,13.40305189126728
19.07000000000018,13.410162191413027
19.080000000000183,13.417272450092213
19.090000000000185,13.424382667370724
19.100000000000186,13.431492843314311
19.110000000000188,13.438602977988582
19.12000000000019,13.445713071459007
19.13000000000019,13.45282312379092
19.140000000000192,13.459933135049509
19.150000000000194,13.467043105299831
19.160000000000196,13.474153034606804
19.170000000000197,13.481262923035207
19.1800000000002,13.488372770649683
19.1900000000002,13.495482577514737
19.200000000000202,13.502592343694742
19.210000000000203,13.50970206925393
19.220000000000205,13.516811754256398
19.230000000000206,13.523921398766113
19.240000000000208,13.5310310028469
19.25000000000021,13.538140566562456
19.26000000000021,13.54525008997634
19.270000000000213,13.552359573151978
19.280000000000214,13.559469016152665
19.290000000000216,13.566578419041559
19.300000000000217,13.573687781881686
19.31000000000022,13.580797104735945
19.32000000000022,13.587906387667095
19.330000000000222,13.595015630737771
19.340000000000224,13.602124834010468
19.350000000000225,13.60923399754756
19.360000000000227,13.616343121411285
19.37000000000023,13.623452205663748
19.38000000000023,13.63056125036693
19.39000000000023,13.637670255582679
19.400000000000233,13.644779221372712
19.410000000000235,13.651888147798624
19.420000000000236,13.658997034921876
19.430000000000238,13.6661058828038
19.44000000000024,13.673214691505603
19.45000000000024,13.680323461088364
19.460000000000242,13.687432191613032
19.470000000000244,13.694540883140432
19.480000000000246,13.701649535731265
19.490000000000247,13.7087581494461
19.50000000000025,13.71586672434538
19.51000000000025,13.722975260489427
19.520000000000252,13.730083757938438
19.530000000000253,13.737192216752481
19.540000000000255,13.7443006369915
19.550000000000257,13.75140901871532
19.560000000000258,13.758517361983632
19.57000000000026,13.765625666856014
19.58000000000026,13.772733933391914
19.590000000000263,13.779842161650661
19.600000000000264,13.786950351691457
19.610000000000266,13.794058503573385
19.620000000000267,13.801166617355406
19.63000000000027,13.808274693096356
19.64000000000027,13.815382730854955
19.650000000000272,13.822490730689797
19.660000000000274,13.829598692659356
19.670000000000275,13.836706616821989
19.680000000000277,13.84381450323593
19.69000000000028,13.85092235195929
19.70000000000028,13.858030163050069
19.71000000000028,13.86513793656614
19.720000000000283,13.87224567256526
19.730000000000285,13.879353371105069
19.740000000000286,13.886461032243083
19.750000000000288,13.89356865603671
19.76000000000029,13.900676242543229
19.77000000000029,13.907783791819808
19.780000000000292,13.914891303923497
19.790000000000294,13.921998778911231
19.800000000000296,13.929106216839825
19.810000000000297,13.936213617765977
19.8200000000003,13.943320981746275
19.8300000000003,13.950428308837186
19.840000000000302,13.957535599095063
19.850000000000303,13.964642852576144
19.860000000000305,13.971750069336556
19.870000000000307,13.978857249432304
19.880000000000308,13.985964392919286
19.89000000000031,13.993071499853281
19.90000000000031,14.00017857028996
19.910000000000313,14.007285604284872
19.920000000000314,14.014392601893464
19.930000000000316,14.021499563171062
19.940000000000317,14.028606488172883
19.95000000000032,14.035713376954032
19.96000000000032,14.0428202295695
19.970000000000322,14.049927046074169
19.980000000000324,14.057033826522808
19.990000000000325,14.064140570970077
20.000000000000327,14.071247279470521
20.01000000000033,14.07835395207858
20.02000000000033,14.08546058884858
20.03000000000033,14.09256718983474
20.040000000000333,14.099673755091167
20.050000000000335,14.10678028467186
20.060000000000336,14.11388677863071
20.070000000000338,14.120993237021494
20.08000000000034,14.128099659897888
20.09000000000034,14.135206047313455
20.100000000000342,14.14231239932165
20.110000000000344,14.149418715975823
20.120000000000346,14.156524997329216
20.130000000000347,14.163631243434962
20.14000000000035,14.170737454346087
20.15000000000035,14.177843630115515
20.160000000000352,14.184949770796056
20.170000000000353,14.192055876440422
20.180000000000355,14.199161947101215
20.190000000000357,14.20626798283093
20.200000000000358,14.213373983681961
20.21000000000036,14.220479949706595
20.22000000000036,14.227585880957012
20.230000000000363,14.23469177748529
20.240000000000364,14.241797639343405
20.250000000000366,14.248903466583224
20.260000000000367,14.256009259256514
20.27000000000037,14.263115017414936
20.28000000000037,14.270220741110052
20.290000000000372,14.277326430393316
20.300000000000374,14.284432085316084
20.310000000000375,14.291537705929604
20.320000000000377,14.298643292285028
20.33000000000038,14.305748844433404
20.34000000000038,14.312854362425677
20.35000000000038,14.31995984631269
20.360000000000383,14.327065296145188
20.370000000000385,14.334170711973812
20.380000000000386,14.341276093849107
20.390000000000388,14.348381441821509
20.40000000000039,14.355486755941365
20.41000000000039,14.362592036258913
20.420000000000393,14.369697282824298
20.430000000000394,14.37680249568756
20.440000000000396,14.383907674898643
20.450000000000397,14.391012820507392
20.4600000000004,14.398117932563553
20.4700000000004,14.405223011116773
20.480000000000402,14.412328056216602
20.490000000000403,14.419433067912493
20.500000000000405,14.426538046253796
20.510000000000407,14.433642991289771
20.520000000000408,14.440747903069576
20.53000000000041,14.447852781642275
20.54000000000041,14.454957627056832
20.550000000000413,14.462062439362114
20.560000000000414,14.4691672186069
20.570000000000416,14.476271964839862
20.580000000000418,14.483376678109583
20.59000000000042,14.49048135846455
20.60000000000042,14.497586005953153
20.610000000000422,14.504690620623686
20.620000000000424,14.51179520252435
20.630000000000425,14.518899751703254
20.640000000000427,14.526004268208405
20.65000000000043,14.533108752087726
20.66000000000043,14.540213203389037
20.67000000000043,14.54731762216007
20.680000000000433,14.554422008448462
20.690000000000435,14.561526362301755
20.700000000000436,14.568630683767402
20.710000000000438,14.575734972892759
20.72000000000044,14.582839229725092
20.73000000000044,14.589943454311573
20.740000000000443,14.597047646699286
20.750000000000444,14.604151806935219
20.760000000000446,14.611255935066268
20.770000000000447,14.618360031139241
20.78000000000045,14.625464095200854
20.79000000000045,14.632568127297729
20.800000000000452,14.6396721274764
20.810000000000453,14.646776095783313
20.820000000000455,14.653880032264816
20.830000000000457,14.660983936967174
20.840000000000458,14.66808780993656
20.85000000000046,14.675191651219059
20.86000000000046,14.682295460860663
20.870000000000463,14.689399238907276
20.880000000000464,14.696502985404715
20.890000000000466,14.703606700398707
20.900000000000468,14.71071038393489
20.91000000000047,14.717814036058813
20.92000000000047,14.72491765681594
20.930000000000472,14.732021246251644
20.940000000000474,14.739124804411215
20.950000000000475,14.746228331339847
20.960000000000477,14.753331827082654
20.97000000000048,14.760435291684662
20.98000000000048,14.767538725190805
20.99000000000048,14.774642127645938
21.000000000000483,14.781745499094827
21.010000000000485,14.788848839582146
21.020000000000486,14.795952149152491
21.030000000000488,14.803055427850369
21.04000000000049,14.8101586757202
21.05000000000049,14.81726189280632
21.060000000000493,14.824365079152981
21.070000000000494,14.831468234804348
21.080000000000496,14.838571359804503
21.090000000000497,14.845674454197441
21.1000000000005,14.852777518027075
21.1100000000005,14.859880551337234
21.120000000000502,14.866983554171659
21.130000000000503,14.874086526574015
21.140000000000505,14.881189468587875
21.150000000000507,14.888292380256733
21.160000000000508,14.895395261624001
21.17000000000051,14.902498112733007
21.18000000000051,14.90960093362699
21.190000000000513,14.916703724349118
21.200000000000514,14.92380648494247
21.210000000000516,14.93090921545004
21.220000000000518,14.938011915914748
21.23000000000052,14.945114586379423
21.24000000000052,14.952217226886823
21.250000000000522,14.959319837479613
21.260000000000524,14.966422418200388
21.270000000000525,14.973524969091653
21.280000000000527,14.980627490195836
21.29000000000053,14.987729981555287
21.30000000000053,14.994832443212271
21.31000000000053,15.001934875208974
21.320000000000533,15.009037277587506
21.330000000000535,15.01613965038989
21.340000000000536,15.023241993658075
21.350000000000538,15.030344307433928
21.36000000000054,15.037446591759238
21.37000000000054,15.044548846675713
21.380000000000543,15.051651072224987
21.390000000000544,15.058753268448609
21.400000000000546,15.06585543538805
21.410000000000547,15.072957573084711
21.42000000000055,15.080059681579902
21.43000000000055,15.087161760914867
21.440000000000552,15.094263811130764
21.450000000000554,15.101365832268678
21.460000000000555,15.108467824369615
21.470000000000557,15.115569787474502
21.480000000000558,15.122671721624192
21.49000000000056,15.129773626859459
21.50000000000056,15.136875503221003
21.510000000000563,15.143977350749442
21.520000000000564,15.151079169485326
21.530000000000566,15.15818095946912
21.540000000000568,15.16528272074122
21.55000000000057,15.172384453341943
21.56000000000057,15.179486157311528
21.570000000000572,15.186587832690144
21.580000000000574,15.193689479517882
21.590000000000575,15.200791097834758
21.600000000000577,15.207892687680712
21.61000000000058,15.21499424909561
21.62000000000058,15.222095782119245
21.63000000000058,15.229197286791337
21.640000000000583,15.236298763151522
21.650000000000585,15.243400211239376
21.660000000000586,15.25050163109439
21.670000000000588,15.25760302275599
21.68000000000059,15.26470438626352
21.69000000000059,15.271805721656257
21.700000000000593,15.278907028973403
21.710000000000594,15.286008308254084
21.720000000000596,15.293109559537358
21.730000000000597,15.300210782862207
21.7400000000006,15.307311978267544
21.7500000000006,15.314413145792203
21.760000000000602,15.321514285474954
21.770000000000604,15.32861539735449
21.780000000000605,15.335716481469433
21.790000000000607,15.342817537858332
21.80000000000061,15.34991856655967
21.81000000000061,15.357019567611852
21.82000000000061,15.364120541053216
21.830000000000613,15.371221486922027
21.840000000000614,15.37832240525648
21.850000000000616,15.385423296094698
21.860000000000618,15.392524159474739
21.87000000000062,15.399624995434582
21.88000000000062,15.406725804012142
21.890000000000622,15.413826585245262
21.900000000000624,15.420927339171715
21.910000000000625,15.428028065829208
21.920000000000627,15.435128765255369
21.93000000000063,15.442229437487768
21.94000000000063,15.449330082563899
21.95000000000063,15.456430700521187
21.960000000000633,15.463531291396992
21.970000000000635,15.470631855228602
21.980000000000636,15.477732392053236
21.990000000000638,15.484832901908048
22.00000000000064,15.491933384830121
